url_path,views_total,views_unique
/edanya-uma/Landslide-HySEA,10,8
/edanya-uma/Landslide-HySEA/tree/main/src,4,2
/edanya-uma/Landslide-HySEA/tree/main/PValdez,2,2
/edanya-uma/Landslide-HySEA/tree/main/src/GPU,2,2
/edanya-uma/Landslide-HySEA/blob/main/src/makefile,2,1
/edanya-uma/Landslide-HySEA/tree/main,2,1
/edanya-uma/Landslide-HySEA/blob/main/PValdez/batimetria.bat,1,1
/edanya-uma/Landslide-HySEA/blob/main/README.md,1,1
/edanya-uma/Landslide-HySEA/releases/tag/v1.0.0,1,1
/edanya-uma/Landslide-HySEA/tree/v1.0.0,1,1
